game,ba2
fallout4,DLCCoast - Main.ba2
fallout4,DLCCoast - Textures.ba2
fallout4,DLCCoast - Voices_en.ba2
fallout4,DLCNukaWorld - Main.ba2
fallout4,DLCNukaWorld - Textures.ba2
fallout4,DLCNukaWorld - Voices_en.ba2
fallout4,DLCRobot - Main.ba2
fallout4,DLCRobot - Textures.ba2
fallout4,DLCRobot - Voices_en.ba2
fallout4,DLCworkshop01 - Main.ba2
fallout4,DLCworkshop01 - Textures.ba2
fallout4,DLCworkshop02 - Main.ba2
fallout4,DLCworkshop02 - Textures.ba2
fallout4,DLCworkshop03 - Main.ba2
fallout4,DLCworkshop03 - Textures.ba2
fallout4,DLCworkshop03 - Voices_en.ba2
fallout4,Fallout4 - Animations.ba2
fallout4,Fallout4 - Interface.ba2
fallout4,Fallout4 - Materials.ba2
fallout4,Fallout4 - Meshes.ba2
fallout4,Fallout4 - MeshesExtra.ba2
fallout4,Fallout4 - Misc.ba2
fallout4,Fallout4 - Nvflex.ba2
fallout4,Fallout4 - Shaders.ba2
fallout4,Fallout4 - Sounds.ba2
fallout4,Fallout4 - Startup.ba2
fallout4,Fallout4 - Textures1.ba2
fallout4,Fallout4 - Textures2.ba2
fallout4,Fallout4 - Textures3.ba2
fallout4,Fallout4 - Textures4.ba2
fallout4,Fallout4 - Textures5.ba2
fallout4,Fallout4 - Textures6.ba2
fallout4,Fallout4 - Textures7.ba2
fallout4,Fallout4 - Textures8.ba2
fallout4,Fallout4 - Textures9.ba2
fallout4,Fallout4 - Voices.ba2
